FAD,LAD,Species name,Size [um],Source or reference (URL),Quality,remeasured Holotype,Remarks,Link to Remarks or Taxo Changes,,,
"55,4","55,3",Acarinina africana,300,https://www.mikrotax.org/pforams/index.php?taxon=Acarinina%20africana&module=pf_cenozoic,Holotype dimension,,Lenghts excluding tubulospines or including tubulospoines,,,,
"53,2",47,Acarinina alticonica,310,https://www.mikrotax.org/system/index.php?dir=pf_cenozoic/Truncorotaloididae/Acarinina/Acarinina%20alticonica,Holotype dimension,,Change in Taxa Name,,,,
"55,7","46,4",Acarinina angulosa,400,https://www.mikrotax.org/system/index.php?dir=pf_cenozoic/Truncorotaloididae/Acarinina/Acarinina%20angulosa,Holotype dimension,,unclear in Taxa Name,,,,
"50,4","48,7",Acarinina aspensis,500,https://www.mikrotax.org/system/index.php?dir=pf_cenozoic/Truncorotaloididae/Acarinina/Acarinina%20aspensis,Size Holotype unknown,,Scale missing/ Data missing,,,,
"49,8","43,7",Acarinina boudreauxi,280,https://www.mikrotax.org/system/index.php?dir=pf_cenozoic/Truncorotaloididae/Acarinina/Acarinina%20boudreauxi,Holotype dimension,,,,,,
49,"40,5",Acarinina bullbrooki,430,https://www.mikrotax.org/system/index.php?dir=pf_cenozoic/Truncorotaloididae/Acarinina/Acarinina%20bullbrooki,Holotype dimension,,,,,,
"56,5","50,1",Acarinina coalingensis,350,https://www.mikrotax.org/system/index.php?dir=pf_cenozoic/Truncorotaloididae/Acarinina/Acarinina%20coalingensis,Holotype dimension,,,,,,
"50,45","30,3",Acarinina collactea,180,https://www.mikrotax.org/system/index.php?dir=pf_cenozoic/Truncorotaloididae/Acarinina/Acarinina%20collactea,Holotype dimension,,,,,,
"50,8",44,Acarinina cuneicamerata,410,https://www.mikrotax.org/system/index.php?dir=pf_cenozoic/Truncorotaloididae/Acarinina/Acarinina%20cuneicamerata,Holotype dimension,,,,,,
"43,2","31,8",Acarinina echinata,300,https://www.mikrotax.org/system/index.php?dir=pf_cenozoic/Truncorotaloididae/Acarinina/Acarinina%20echinata,Holotype dimension,,,,,,
"56,3","51,2",Acarinina esnaensis,440,https://www.mikrotax.org/system/index.php?dir=pf_cenozoic/Truncorotaloididae/Acarinina/Acarinina%20esnaensis,Holotype dimension,,,,,,
"55,8","50,4",Acarinina esnehensis,400,https://www.mikrotax.org/system/index.php?dir=pf_cenozoic/Truncorotaloididae/Acarinina/Acarinina%20esnehensis,Holotype dimension,,,,,,
54,"50,4",Acarinina interposita,550,https://www.mikrotax.org/system/index.php?dir=pf_cenozoic/Truncorotaloididae/Acarinina/Acarinina%20interposita,Holotype dimension,,,,,,
"49,25",38,Acarinina mcgowrani,300,https://www.mikrotax.org/system/index.php?dir=pf_cenozoic/Truncorotaloididae/Acarinina/Acarinina%20mcgowrani,Holotype dimension,,,,,,
"59,25","56,3",Acarinina mckannai,"261,9047619",https://www.mikrotax.org/system/index.php?dir=pf_cenozoic/Truncorotaloididae/Acarinina/Acarinina%20mckannai,Paratype dimension,,,,,,
"42,5","35,8",Acarinina medizzai,190,https://www.mikrotax.org/system/index.php?dir=pf_cenozoic/Truncorotaloididae/Acarinina/Acarinina%20medizzai,Holotype dimension,,,,,,
"59,5","56,2",Acarinina nitida,"277,7777778",https://www.mikrotax.org/system/index.php?dir=pf_cenozoic/Truncorotaloididae/Acarinina/Acarinina%20nitida,Holotype dimension,,,,,,
"52,3",47,Acarinina pentacamerata,500,https://www.mikrotax.org/system/index.php?dir=pf_cenozoic/Truncorotaloididae/Acarinina/Acarinina%20pentacamerata,Holotype dimension,,,,,,
"48,7",40,Acarinina praetopilensis,380,https://www.mikrotax.org/system/index.php?dir=pf_cenozoic/Truncorotaloididae/Acarinina/Acarinina%20praetopilensis,Holotype dimension,,,,,,
"50,8","38,8",Acarinina primitiva,290,https://www.mikrotax.org/system/index.php?dir=pf_cenozoic/Truncorotaloididae/Acarinina/Acarinina%20primitiva,Holotype dimension,,,,,,
"50,4","42,3",Acarinina pseudosubsphaerica,190,https://www.mikrotax.org/system/index.php?dir=pf_cenozoic/Truncorotaloididae/Acarinina/Acarinina%20pseudosubsphaerica,Holotype dimension,,,,,,
"55,5","47,25",Acarinina pseudotopilensis,400,https://www.mikrotax.org/system/index.php?dir=pf_cenozoic/Truncorotaloididae/Acarinina/Acarinina%20pseudotopilensis,Holotype dimension,,,,,,
47,"40,5",Acarinina punctocarinata,330,https://www.mikrotax.org/system/index.php?dir=pf_cenozoic/Truncorotaloididae/Acarinina/Acarinina%20punctocarinata,Holotype dimension,,,,,,
54,"50,4",Acarinina quetra,500,https://www.mikrotax.org/system/index.php?dir=pf_cenozoic/Truncorotaloididae/Acarinina/Acarinina%20quetra,Holotype dimension,,,,,,
"42,8","38,2",Acarinina rohri,370,https://www.mikrotax.org/system/index.php?dir=pf_cenozoic/Truncorotaloididae/Acarinina/Acarinina%20rohri,Holotype dimension,,,,,,
"55,45","55,3",Acarinina sibaiyaensis,290,https://www.mikrotax.org/system/index.php?dir=pf_cenozoic/Truncorotaloididae/Acarinina/Acarinina%20sibaiyaensis,Holotype dimension,,,,,,
"56,4","46,4",Acarinina soldadoensis,"331,0344828",https://www.mikrotax.org/system/index.php?dir=pf_cenozoic/Truncorotaloididae/Acarinina/Acarinina%20soldadoensis,Holotype dimension,,,,,,
"60,8","59,3",Acarinina strabocella,320,https://www.mikrotax.org/system/index.php?dir=pf_cenozoic/Truncorotaloididae/Acarinina/Acarinina%20strabocella,Holotype dimension,,,,,,
"59,4","54,2",Acarinina subsphaerica,300,https://www.mikrotax.org/pforams/cenozoic/Acarinina_subsphaerica,Paratype dimension,,,,,,
"43,2","40,3",Acarinina topilensis,340,https://www.mikrotax.org/pforams/cenozoic/Acarinina_topilensis,Holotype dimension,,,,,,
"55,7","50,9",Acarinina wilcoxensis,380,https://www.mikrotax.org/system/index.php?dir=pf_cenozoic/Truncorotaloididae/Acarinina/Acarinina%20wilcoxensis,Holotype dimension,,,,,,
"49,55","47,55",Astrorotalia palmerae,Length with keel-spines: 0.4-0.6 mm; without spines: 0.28-0.35 mm;,https://www.mikrotax.org/system/index.php?dir=pf_cenozoic/Truncorotaloididae/Astrorotalia/Astrorotalia%20palmerae,Holotype dimension,,,,,,
5,0,Beella digitata,"327,2727273",https://www.mikrotax.org/pforams/cenozoic/Beella_digitata,Paratype dimension,,,,,,
"0,3",0,Beella megastoma,"327,2727273",https://www.mikrotax.org/system/index.php?id=104002,Paratype dimension,,"Beella megastoma (Earland, 1934) accepted as Beella digitata (Brady, 1879)",https://www.marinespecies.org/aphia.php?p=taxdetails&id=113433#images,,,
"12,4","0,8",Beella praedigitata,400,https://www.mikrotax.org/pforams/cenozoic/Beella_praedigitata,Holotype dimension,,,,,,
39,"34,3",Catapsydrax africanus,230,https://www.mikrotax.org/system/index.php?dir=pf_cenozoic/Globigerinidae/Catapsydrax/Catapsydrax%20africanus,Holotype dimension,,,,,,
"37,6","17,3",Catapsydrax dissimilis,500,https://www.mikrotax.org/system/index.php?dir=pf_cenozoic/Globigerinidae/Catapsydrax/Catapsydrax%20dissimilis,Holotype dimension,,,,,,
"40,4","34,3",Catapsydrax globiformis,230,https://www.mikrotax.org/system/index.php?dir=pf_cenozoic/Globigerinidae/Catapsydrax/Catapsydrax%20globiformis,Holotype dimension,,,,,,
"44,35","33,7",Catapsydrax howei,540,https://www.mikrotax.org/system/index.php?dir=pf_cenozoic/Globigerinidae/Catapsydrax/Catapsydrax%20howei,Holotype dimension,,,,,,
"17,1","10,9",Catapsydrax parvulus,160,https://www.mikrotax.org/pforams/index.php?id=130160,Holotype dimension,,,,,,
"27,5","16,9",Catapsydrax stainforthi,360,https://www.mikrotax.org/pforams/index.php?id=130162,Holotype dimension,,,,,,
55,"17,3",Catapsydrax unicavus,220,https://www.mikrotax.org/pforams/cenozoic/Catapsydrax_unicavus,Holotype dimension,,,,,,
"16,4","12,1",Clavatorella bermudezi,635,https://www.mikrotax.org/system/index.php?dir=pf_cenozoic/Globigerinidae/Clavatorella/Clavatorella%20bermudezi,Holotype dimension,,,,,,
"47,22","42,7",Clavigerinella akersi,860,https://www.mikrotax.org/system/index.php?dir=pf_cenozoic/Hantkeninidae/Clavigerinella/Clavigerinella%20akersi,Holotype dimension,,,,,,
"44,6","44,45",Clavigerinella caucasica,750,https://www.mikrotax.org/system/index.php?dir=pf_cenozoic/Hantkeninidae/Clavigerinella/Clavigerinella%20caucasica,Holotype dimension,,,,,,
"47,4","43,3",Clavigerinella colombiana,660,https://www.mikrotax.org/system/index.php?dir=pf_cenozoic/Hantkeninidae/Clavigerinella/Clavigerinella%20colombiana,Holotype dimension,,,,,,
"48,1",34,Clavigerinella eocanica,800,https://www.mikrotax.org/system/index.php?dir=pf_cenozoic/Hantkeninidae/Clavigerinella/Clavigerinella%20eocanica,Holotype dimension,,,,,,
"47,25","43,3",Clavigerinella jarvisi,545,https://www.mikrotax.org/system/index.php?dir=pf_cenozoic/Hantkeninidae/Clavigerinella/Clavigerinella%20jarvisi,Holotype dimension,,,,,,
"36,4","33,7",Cribrohantkenina inflata,excluding tubulospines is 0.58 mm and including tubulospoines 0.75 mm,https://www.mikrotax.org/system/index.php?dir=pf_cenozoic/Hantkeninidae/Cribrohantkenina/Cribrohantkenina%20inflata,Holotype dimension,,,,,,
"23,7",3,Dentoglobigerina altispira,"666,6666667",https://www.mikrotax.org/system/index.php?dir=pf_cenozoic/Globigerinidae/Dentoglobigerina/Dentoglobigerina%20altispira,Holotype dimension,,,,,,
32,"3,3",Dentoglobigerina baroemoensis,500,https://www.mikrotax.org/pforams/cenozoic/Dentoglobigerina_baroemoenensis,Holotype dimension,,,,,,
26,"18,8",Dentoglobigerina binaiensis,320,https://www.mikrotax.org/pforams/cenozoic/Dentoglobigerina_binaiensis, Lectotype dimension,,,,,,
39,"27,2",Dentoglobigerina galavisi,460,https://www.mikrotax.org/system/index.php?dir=pf_cenozoic/Globigerinidae/Dentoglobigerina/Dentoglobigerina%20galavisi,Holotype dimension,,,,,,
"27,1",3,Dentoglobigerina globosa,440,https://www.mikrotax.org/system/index.php?dir=pf_cenozoic/Globigerinidae/Dentoglobigerina/Dentoglobigerina%20globosa,Holotype dimension,,,,,,
34,"18,8",Dentoglobigerina globularis,620,https://www.mikrotax.org/system/index.php?dir=pf_cenozoic/Globigerinidae/Dentoglobigerina/Dentoglobigerina%20globularis,Holotype dimension,,,,,,
"27,3","11,2",Dentoglobigerina larmeui,350,https://www.mikrotax.org/system/index.php?dir=pf_cenozoic/Globigerinidae/Dentoglobigerina/Dentoglobigerina%20larmeui,Holotype dimension,,,,,,
"33,3","23,8",Dentoglobigerina prasaepis,410,https://www.mikrotax.org/system/index.php?dir=pf_cenozoic/Globigerinidae/Dentoglobigerina/Dentoglobigerina%20prasaepis,Holotype dimension,,,,,,
"35,4","27,4",Dentoglobigerina pseudovenezuelana,510,https://www.mikrotax.org/system/index.php?dir=pf_cenozoic/Globigerinidae/Dentoglobigerina/Dentoglobigerina%20pseudovenezuelana,Holotype dimension,,,,,,
30,"24,3",Dentoglobigerina rohri,520,https://www.mikrotax.org/system/index.php?id=100084,Holotype dimension,,"Citation: Dentoglobigerina tripartita (Koch 1926); Synonyms: “Dentoglobigerina” rohri (Bolli).—Pearson and Wade, 2009:203, pl. 3, figs. 1a-c [upper Oligocene Zone O6 (= O7 of this study), Cipero Fm., Trinidad].",https://www.mikrotax.org/system/index.php?id=100084,,,
"33,4","24,1",Dentoglobigerina sellii,690,https://www.mikrotax.org/pforams/cenozoic/Dentoglobigerina_sellii,Holotype dimension,,,,,,
"33,9","32,9",Dentoglobigerina sp,"466,6666667",https://www.mikrotax.org/pforams/cenozoic/Dentoglobigerina_sp.,Paratype dimension,,,,,,
"33,7","25,5",Dentoglobigerina tapuriensis,730,https://www.mikrotax.org/system/index.php?dir=pf_cenozoic/Globigerinidae/Dentoglobigerina/Dentoglobigerina%20tapuriensis,Holotype dimension,,,,,,
"33,2","3,3",Dentoglobigerina venezuelana,520,https://www.mikrotax.org/pforams/cenozoic/Dentoglobigerina_venezuelana,Holotype dimension,,,,,,
"64,9","61,15",Eoglobigerina edita,162,https://www.mikrotax.org/system/index.php?dir=pf_cenozoic/Globigerinidae/Eoglobigerina/Eoglobigerina%20edita,Paratype dimension,,,,,,
"64,97","63,6",Eoglobigerina eobulloides,"225,8064516",https://www.mikrotax.org/system/index.php?dir=pf_cenozoic/Globigerinidae/Eoglobigerina/Eoglobigerina%20eobulloides,Holotype dimension,,,,,,
"61,2","60,9",Eoglobigerina spiralis,290,https://www.mikrotax.org/system/index.php?dir=pf_cenozoic/Globigerinidae/Eoglobigerina/Eoglobigerina%20spiralis,Holotype dimension,,,,,,
17,"16,4",Fohsella birnageae,Scale missing,https://foraminifera.eu/singleca.php?no=1009512&aktion=suche,,,"Chaisson, W.P., and Leckie, R.M., 1993. High-resolution Neogene planktonic foraminifer biostratigraphy of Site 806, Ontong Java Plateau (western equatorial Pacific). In Berger, W.H., Kroenke, L.W., Mayer, L.A., et al., Proc. ODP, Sci. Results, 130: College Station, TX (Ocean Drilling Program), 137–178. doi:10.2973/odp.proc.sr.130.010.1993",,,,
"13,4","11,9",Fohsella fohsi,440,https://www.mikrotax.org/pforams/cenozoic/Fohsella_fohsi,Holotype dimension,,,,,,
"13,7","6,7",Fohsella lenguaensis,"636,3636364",https://www.mikrotax.org/pforams/cenozoic/Fohsella_lenguaensis,Holotype dimension,,,,,,
"13,3","11,9",Fohsella lobata,"697,1428571",https://www.mikrotax.org/system/index.php?dir=pf_cenozoic/Globorotaliidae/Fohsella/Fohsella%20lobata,Holotype dimension,,,,,,
"13,6","9,3",Fohsella paralenguaensis,250,https://www.mikrotax.org/system/index.php?dir=pf_cenozoic/Globorotaliidae/Fohsella/Fohsella%20paralenguaensis,Holotype dimension,,,,,,
"14,3","13,4",Fohsella peripheroacuta,"370,9677419",https://www.mikrotax.org/system/index.php?dir=pf_cenozoic/Globorotaliidae/Fohsella/Fohsella%20peripheroacuta,Holotype dimension,,,,,,
22,"13,8",Fohsella peripheroronda,"288,5714286",https://www.mikrotax.org/system/index.php?dir=pf_cenozoic/Globorotaliidae/Fohsella/Fohsella%20peripheroronda,Holotype dimension,,,,,,
"13,8","13,1",Fohsella praefohsi,"547,6190476",https://www.mikrotax.org/system/index.php?dir=pf_cenozoic/Globorotaliidae/Fohsella/Fohsella%20praefohsi,Holotype dimension,,,,,,
"13,1","11,9",Fohsella robusta,"595,2380952",https://www.mikrotax.org/system/index.php?dir=pf_cenozoic/Globorotaliidae/Fohsella/Fohsella%20robusta,Holotype dimension,,,,,,
"64,95","62,8",Globanomalina archeocompressa,160,https://www.mikrotax.org/system/index.php?dir=pf_cenozoic/Globanomalinidae/Globanomalina/Globanomalina%20archeocompressa,Paratype dimension,,,,,,
"55,88","43,8",Globanomalina australiformis,"272,7272727",https://www.mikrotax.org/system/index.php?dir=pf_cenozoic/Globanomalinidae/Globanomalina/Globanomalina%20australiformis,Holotype dimension,,,,,,
"59,45","53,7",Globanomalina chapmani,"338,0952381",https://www.mikrotax.org/system/index.php?dir=pf_cenozoic/Globanomalinidae/Globanomalina/Globanomalina%20chapmani,Paratype dimension,,,,,,
"62,9","60,7",Globanomalina compressa,125,https://www.mikrotax.org/pforams/cenozoic/Globanomalina_compressa,Lectotype dimension,,,,,,
"61,1","59,38",Globanomalina ehrenbergi,"271,4285714",https://www.mikrotax.org/system/index.php?dir=pf_cenozoic/Globanomalinidae/Globanomalina/Globanomalina%20ehrenbergi,Holotype dimension,,,,,,
"62,05","55,8",Globanomalina imitata,"188,5714286",https://www.mikrotax.org/system/index.php?dir=pf_cenozoic/Globanomalinidae/Globanomalina/Globanomalina%20imitata,Holotype dimension,,,,,,
"55,7","54,45",Globanomalina luxorensis,250,https://www.mikrotax.org/system/index.php?dir=pf_cenozoic/Globanomalinidae/Globanomalina/Globanomalina%20luxorensis,Holotype dimension,,,,,,
"56,5","55,3",Globanomalina ovalis,"273,3333333",https://www.mikrotax.org/system/index.php?dir=pf_cenozoic/Globanomalinidae/Globanomalina/Globanomalina%20ovalis,Paratype dimension,,,,,,
"64,9",62,Globanomalina planocompressa,"178,5714286",https://www.mikrotax.org/system/index.php?dir=pf_cenozoic/Globanomalinidae/Globanomalina/Globanomalina%20planocompressa,Paratype dimension,,,,,,
"56,3","50,6",Globanomalina planoconica,"212,1212121",https://www.mikrotax.org/system/index.php?dir=pf_cenozoic/Globanomalinidae/Globanomalina/Globanomalina%20planoconica,Holotype dimension,,,,,,
"59,4","55,9",Globanomalina pseudomenardii,360,https://www.mikrotax.org/system/index.php?dir=pf_cenozoic/Globanomalinidae/Globanomalina/Globanomalina%20pseudomenardii,Holotype dimension,,,,,,
"29,4","22,5",Globigerina angulisuturalis,180,https://www.mikrotax.org/pforams/index.php?id=104357,Holotype dimension,," unaccepted (opinion of Olsson et al (2018); Accepted Name: 
Ciperoella angulisuturalis (Bolli, 1957) †",https://www.marinespecies.org/aphia.php?p=taxdetails&id=735750,,,
"14,8",0,Globigerina bulloides,670,https://www.mikrotax.org/pforams/cenozoic/Globigerina_bulloides,Holotype dimension,,,,,,
"31,2","19,3",Globigerina ciperoensis,400,https://www.mikrotax.org/pforams/catalog/Globigerina_ciperoensis,unknown,,,,,,
"21,5","0,6",Globigerina druryi,280,https://www.mikrotax.org/pforams/catalog/Globigerina_druryi,Holotype dimension,,,,,,
"26,3",2,Globigerina eamesi,340,https://www.mikrotax.org/pforams/catalog/Globigerina_eamesi,Holotype dimension,,,,,,
"18,4",0,Globigerina falconensis,"314,2857143",https://www.mikrotax.org/pforams/cenozoic/Globigerina_falconensis,Holotype dimension,,,,,,
"43,5","23,8",Globigerina officinalis,200,https://www.mikrotax.org/system/index.php?dir=pf_cenozoic/Globigerinidae/Globigerina/Globigerina%20officinalis,Holotype dimension,,,,,,
"33,8","4,8",Globigerina praebulloides,340,https://www.mikrotax.org/pforams/catalog/Globigerina_parabulloides,Holotype dimension,,,,,,
"2,5","0,6",Globigerina umbilicata,540,https://www.mikrotax.org/pforams/cenozoic/Globigerina_umbilicata,Paratype dimension,,,,,,
44,"36,3",Globigerinatheka barri,365,https://www.mikrotax.org/system/index.php?dir=pf_cenozoic/Globigerinidae/Globigerinatheka/Globigerinatheka%20barri,Holotype dimension,,,,,,
"43,95","41,6",Globigerinatheka curryi,560,https://www.mikrotax.org/system/index.php?dir=pf_cenozoic/Globigerinidae/Globigerinatheka/Globigerinatheka%20curryi,Holotype dimension,,,,,,
"42,8","40,2",Globigerinatheka euganea,530,https://www.mikrotax.org/system/index.php?dir=pf_cenozoic/Globigerinidae/Globigerinatheka/Globigerinatheka%20euganea,Holotype dimension,,,,,,
"43,8","34,3",Globigerinatheka index,400,https://www.mikrotax.org/system/index.php?dir=pf_cenozoic/Globigerinidae/Globigerinatheka/Globigerinatheka%20index,Holotype dimension,,,,,,
"44,3","35,5",Globigerinatheka korotkovi,350,https://www.mikrotax.org/system/index.php?dir=pf_cenozoic/Globigerinidae/Globigerinatheka/Globigerinatheka%20korotkovi,Holotype dimension,,,,,,
"44,41","39,8",Globigerinatheka kugleri,440,https://www.mikrotax.org/system/index.php?dir=pf_cenozoic/Globigerinidae/Globigerinatheka/Globigerinatheka%20kugleri,Holotype dimension,,,,,,
"40,3","34,3",Globigerinatheka luterbacheri,550,https://www.mikrotax.org/system/index.php?dir=pf_cenozoic/Globigerinidae/Globigerinatheka/Globigerinatheka%20luterbacheri,Holotype dimension,,,,,,
"44,4",36,Globigerinatheka mexicana,300,https://www.mikrotax.org/system/index.php?dir=pf_cenozoic/Globigerinidae/Globigerinatheka/Globigerinatheka%20mexicana,Holotype dimension,,,,,,
"38,5","35,8",Globigerinatheka semiinvoluta,550,https://www.mikrotax.org/system/index.php?dir=pf_cenozoic/Globigerinidae/Globigerinatheka/Globigerinatheka%20semiinvoluta,unknown,,,,,,
"45,95","39,6",Globigerinatheka subconglobata,500,https://www.mikrotax.org/system/index.php?dir=pf_cenozoic/Globigerinidae/Globigerinatheka/Globigerinatheka%20subconglobata,Lectotype dimension,,,,,,
"39,1","33,8",Globigerinatheka tropicalis,500,https://www.mikrotax.org/system/index.php?dir=pf_cenozoic/Globigerinidae/Globigerinatheka/Globigerinatheka%20tropicalis,unknown,,,,,,
"0,7",0,Globigerinella adamsi,"1062,5",https://www.mikrotax.org/system/index.php?dir=pf_cenozoic/Globigerinidae/Globigerinella/Globigerinella%20adamsi,Paratype dimension,,,,,,
"4,4",0,Globigerinella calida,910,https://www.mikrotax.org/system/index.php?dir=pf_cenozoic/Globigerinidae/Globigerinella/Globigerinella%20calida,Holotype dimension,,,,,,
"31,2","15,6",Globigerinella obesa,500,https://www.mikrotax.org/pforams/cenozoic/Globigerinella_obesa,Holotype dimension,,,,,,
"23,2","11,7",Globigerinella praesiphonifera,620,https://www.mikrotax.org/system/index.php?dir=pf_cenozoic/Globigerinidae/Globigerinella/Globigerinella%20praesiphonifera,Holotype dimension,,,,,,
"12,5",0,Globigerinella siphonifera,"422,7272727",https://www.mikrotax.org/pforams/cenozoic/Globigerinella_siphonifera,Paratype dimension,,,,,,
22,"16,4",Globigerinoides altiapertura,550,https://www.mikrotax.org/pforams/cenozoic/Globigerinoides_altiaperturus,Holotype dimension,,,,,,
"18,2","15,6",Globigerinoides bisphericus,650,https://www.mikrotax.org/pforams/catalog/Globigerinoides_bispherica,unknown,,,,,,
"7,5",0,Globigerinoides conglobatus,"923,0769231",https://www.mikrotax.org/pforams/cenozoic/Globigerinoides_conglobatus,Lectotype dimension,,,,,,
"17,3","14,8",Globigerinoides diminutus,"257,5",https://www.mikrotax.org/system/index.php?dir=pf_cenozoic/Globigerinidae/Globigerinoides/Globigerinoides%20diminutus,Holotype dimension,,,,,,
"8,3","1,6",Globigerinoides extremus,340,https://www.mikrotax.org/system/index.php?dir=pf_cenozoic/Globigerinidae/Globigerinoides/Globigerinoides%20extremus,Holotype dimension,,,,,,
"3,6",2,Globigerinoides fistulosus,1083  (excluding tubulospines),https://www.mikrotax.org/pforams/cenozoic/Globigerinoidesella_fistulosa,Paratype dimension,,,,,,
18,"12,1",Globigerinoides mitra,"1166,666667",https://www.mikrotax.org/system/index.php?dir=pf_cenozoic/Globigerinidae/Globigerinoides/Globigerinoides%20mitra,Paratype dimension,,,,,,
"21,95","1,3",Globigerinoides obliquus,500,https://www.mikrotax.org/system/index.php?dir=pf_cenozoic/Globigerinidae/Globigerinoides/Globigerinoides%20obliquus,Holotype dimension,,,,,,
"21,5","16,4",Globigerinoides parawoodi,300,https://www.mikrotax.org/system/index.php?dir=pf_cenozoic/Globigerinidae/Globigerinoides/Globigerinoides%20neoparawoodi,Holotype dimension,,,,,,
27,"18,8",Globigerinoides primordius,570,https://www.mikrotax.org/pforams/index.php?id=130639,Lectotype dimension,,"unaccepted (Opinion of Spezzaferri et al (2018)); Accepted Name
Trilobatus quadrilobatus (d'Orbigny, 1846) †",https://www.marinespecies.org/aphia.php?p=taxdetails&id=926528,,,
"15,1",0,Globigerinoides ruber,412,https://www.mikrotax.org/pforams/cenozoic/Globigerinoides_ruber,Paratype dimension,,,,,,
"10,9",0,Globigerinoides sacculifer,"762,5",https://www.mikrotax.org/pforams/cenozoic/Trilobatus_sacculifer,Paratype dimension,,"Globigerinoides sacculifer (Brady, 1877) accepted as Trilobatus sacculifer (Brady, 1877)",https://www.marinespecies.org/aphia.php?p=taxlist,,,
"9,6","5,3",Globigerinoides seigliei,"629,4117647",https://www.mikrotax.org/pforams/cenozoic/Globigerinoides_seigliei,Holotype dimension,,,,,,
23,"10,8",Globigerinoides subquadratus,580,https://www.mikrotax.org/system/index.php?dir=pf_cenozoic/Globigerinidae/Globigerinoides/Globigerinoides%20subquadratus,Holotype dimension,,,,,,
"22,6",0,Globigerinoides trilobus,600,https://www.mikrotax.org/pforams/index.php?id=130703,unknown,,"Globigerinoides trilobus (Reuss, 1850) accepted as Trilobatus trilobus (Reuss, 1850)",https://www.marinespecies.org/aphia.php?p=taxlist,,,
"16,4","5,7",Globoconella conoidea,"466,6666667",https://www.mikrotax.org/pforams/index.php?id=104076,Paratype dimension,,"Original description of Globorotalia miozea subsp. conoidea Walters, 1965 † ",https://www.marinespecies.org/aphia.php?p=taxdetails&id=1026408,,,
6,"5,5",Globoconella conomiozea,"483,3333333",https://www.mikrotax.org/pforams/cenozoic/Globoconella_conomiozea,Paratype dimension,,,,,,
"2,6",0,Globoconella inflata,"523,8095238",https://www.mikrotax.org/system/index.php?dir=pf_cenozoic/Globorotaliidae/Globoconella/Globoconella%20inflata,Neotype dimension,,,,,,
"18,3","11,2",Globoconella miozea,500,https://www.mikrotax.org/pforams/cenozoic/Globoconella_miozea,Paratype dimension,,,,,,
"5,05","3,9",Globoconella pliozea,Scale missing,https://www.mikrotax.org/system/index.php?dir=pf_cenozoic/Globorotaliidae/Globoconella/Globoconella%20pliozea,,,,,,,
"4,6","2,3",Globoconella puncticulata,350,https://www.mikrotax.org/system/index.php?dir=pf_cenozoic/Globorotaliidae/Globoconella/Globoconella%20puncticulata,Paratype dimension,,,,,,
"5,4","4,5",Globoconella sphericomiozea,320,https://www.mikrotax.org/pforams/catalog/Globorotalia_miozea_sphericomiozea,Holotype dimension,,"Original name and Descrpition of Globorotalia miozea subsp. sphericomiozea Walters, 1965 †",https://www.marinespecies.org/aphia.php?p=taxdetails&id=1026415#images,,,
"5,6",5,Globoconella terminalis,380,https://www.mikrotax.org/pforams/cenozoic/Globoconella_terminalis,Holotype dimension,,,,,,
"4,2",0,Globoquadrina conglomerata,"687,5",https://www.mikrotax.org/system/index.php?dir=pf_cenozoic/Globigerinidae/Globoquadrina/Globoquadrina%20conglomerata,Neotype dimension,,,,,,
"25,1","4,8",Globoquadrina dehiscens,300,https://www.mikrotax.org/system/index.php?dir=pf_cenozoic/Globigerinidae/Globoquadrina/Globoquadrina%20dehiscens,unknown,,,,,,
"5,7","0,2",Globorotalia flexuosa,875,https://www.mikrotax.org/system/index.php?dir=pf_cenozoic/Globorotaliidae/Globorotalia/tumida%20lineage/Globorotalia%20flexuosa,Paratype dimension,,,,,,
11,"5,8",Globorotalia merotumida,"368,75",https://www.mikrotax.org/system/index.php?dir=pf_cenozoic/Globorotaliidae/Globorotalia/tumida%20lineage/Globorotalia%20merotumida,Holotype dimension,,,,,,
"6,4","4,5",Globorotalia plesiotumida,"523,8095238",https://www.mikrotax.org/system/index.php?dir=pf_cenozoic/Globorotaliidae/Globorotalia/tumida%20lineage/Globorotalia%20plesiotumida,Holotype dimension,,,,,,
"5,8",0,Globorotalia tumida,"717,6470588",https://www.mikrotax.org/pforams/cenozoic/Globorotalia_tumida,Lectotype dimension,,,,,,
"4,9",0,Globorotalia ungulata,"693,3333333",https://www.mikrotax.org/system/index.php?dir=pf_cenozoic/Globorotaliidae/Globorotalia/tumida%20lineage/Globorotalia%20ungulata,Holotype dimension,,,,,,
"18,6","16,4",Globorotalia zealandica,"397,7272727",https://www.mikrotax.org/system/index.php?dir=pf_cenozoic/Globorotaliidae/Globorotalia/temperate%20Globorotalia%20species/Globorotalia%20zealandica,Holotype dimension,,,,,,
47,16,Globorotaloides eovariabilis,180,https://www.mikrotax.org/system/index.php?dir=pf_cenozoic/Globigerinidae/Globorotaloides/Globorotaloides%20eovariabilis,Holotype dimension,,,,,,
"17,3",0,Globorotaloides hexagonus,390,https://www.mikrotax.org/system/index.php?dir=pf_cenozoic/Globigerinidae/Globorotaloides/Globorotaloides%20hexagonus,Holotype dimension,,,,,,
"55,2","33,7",Globorotaloides quadrocameratus,180,https://www.mikrotax.org/system/index.php?dir=pf_cenozoic/Globigerinidae/Globorotaloides/Globorotaloides%20quadrocameratus,Holotype dimension,,,,,,
"32,5","22,5",Globorotaloides testarugosa,300,https://www.mikrotax.org/pforams/cenozoic/Globorotaloides_testarugosus,Holotype dimension,,,,,,
"17,1","4,8",Globorotaloides variabilis,450,https://www.mikrotax.org/pforams/cenozoic/Globorotaloides_variabilis,Holotype dimension,,,,,,
"34,5","23,8",Globoturborotalita anguliofficinalis,270,https://www.mikrotax.org/pforams/index.php?id=130342,Holotype dimension,," unaccepted (Type species of Ciperoella); Accepted Name
Ciperoella anguliofficinalis (Blow, 1969) †",https://www.marinespecies.org/aphia.php?p=taxdetails&id=1035046,,,
"10,9","1,3",Globoturborotalita apertura,432,https://www.mikrotax.org/pforams/cenozoic/Globoturborotalita_apertura,Holotype dimension,,,,,,
"55,4","42,4",Globoturborotalita bassriverensis,"177,7777778",https://www.mikrotax.org/system/index.php?dir=pf_cenozoic/Globigerinidae/Globoturborotalita/Globoturborotalita%20bassriverensis,Holotype dimension,,,,,,
"12,5","2,3",Globoturborotalita bollii,400,https://www.mikrotax.org/system/index.php?dir=pf_cenozoic/Globigerinidae/Globoturborotalita/Globoturborotalita%20bollii,Holotype dimension,,,,,,
"23,8","15,1",Globoturborotalita brazieri,450,https://www.mikrotax.org/system/index.php?dir=pf_cenozoic/Globigerinidae/Globoturborotalita/Globoturborotalita%20brazieri,Holotype dimension,,,,,,
23,"16,8",Globoturborotalita connecta,340,https://www.mikrotax.org/system/index.php?dir=pf_cenozoic/Globigerinidae/Globoturborotalita/Globoturborotalita%20connecta,Holotype dimension,,,,,,
15,2,Globoturborotalita decoraperta,"224,137931",https://www.mikrotax.org/system/index.php?dir=pf_cenozoic/Globigerinidae/Globoturborotalita/Globoturborotalita%20decoraperta,Paratype dimension,,,,,,
"35,3","30,3",Globoturborotalita gnaucki,360,https://www.mikrotax.org/system/index.php?dir=pf_cenozoic/Globigerinidae/Globoturborotalita/Globoturborotalita%20gnaucki,unknown,,,,,,
9,"5,3",Globoturborotalita kennetti,"322,2222222",https://www.mikrotax.org/pforams/index.php?id=104154,Holotype dimension,,,,,,
"30,4","16,3",Globoturborotalita labiacrassata,500,https://www.mikrotax.org/pforams/cenozoic/Globoturborotalita_labiacrassata,Holotype dimension,,,,,,
44,"30,3",Globoturborotalita martini,220,https://www.mikrotax.org/system/index.php?dir=pf_cenozoic/Globigerinidae/Globoturborotalita/Globoturborotalita%20martini,Holotype dimension,,,,,,
"12,1","4,3",Globoturborotalita nepenthes,400,https://www.mikrotax.org/system/index.php?dir=pf_cenozoic/Globigerinidae/Globoturborotalita/Globoturborotalita%20nepenthes,Holotype dimension,,,,,,
"43,1","23,8",Globoturborotalita ouachitaensis,190,https://www.mikrotax.org/system/index.php?dir=pf_cenozoic/Globigerinidae/Globoturborotalita/Globoturborotalita%20ouachitaensis,Holotype dimension,,,,,,
"3,6",0,Globoturborotalita rubescens,250,https://www.mikrotax.org/system/index.php?dir=pf_cenozoic/Globigerinidae/Globoturborotalita/Globoturborotalita%20rubescens,Paratype dimension,,,,,,
"2,4",0,Globoturborotalita tenella,"319,4444444",https://www.mikrotax.org/pforams/index.php?id=104070,Holotype dimension,,"unaccepted; Accepted Name Globigerinoides tenellus (Parker, 1958)",https://www.marinespecies.org/aphia.php?p=taxdetails&id=113455,,,
"30,6","2,4",Globoturborotalita woodi,450,https://www.mikrotax.org/pforams/cenozoic/Globoturborotalita_woodi,Holotype dimension,,,,,,
"46,4","42,3",Guembelitrioides nuttalli,550,https://www.mikrotax.org/system/index.php?dir=pf_cenozoic/Globigerinidae/Guembelitrioides/Guembelitrioides%20nuttalli,Holotype dimension,,,,,,
"39,8","33,7",Hantkenina alabamensis,600 (excluding tubulospines),https://www.mikrotax.org/system/index.php?dir=pf_cenozoic/Hantkeninidae/Hantkenina/Hantkenina%20alabamensis,unknown,,,,,,
"42,3","38,1",Hantkenina australis,"without spines: 450, with spines, 560",https://www.mikrotax.org/system/index.php?dir=pf_cenozoic/Hantkeninidae/Hantkenina/Hantkenina%20australis,unknown,,,,,,
"41,2","33,7",Hantkenina compressa,700 (excluding tubulospines),https://www.mikrotax.org/system/index.php?dir=pf_cenozoic/Hantkeninidae/Hantkenina/Hantkenina%20compressa,unknown,,,,,,
"43,9",39,Hantkenina dumblei,900 (excluding tubulospines),https://www.mikrotax.org/system/index.php?dir=pf_cenozoic/Hantkeninidae/Hantkenina/Hantkenina%20dumblei,unknown,,,,,,
"43,91","41,4",Hantkenina lehneri,1000 (excluding tubulospines),https://www.mikrotax.org/system/index.php?dir=pf_cenozoic/Hantkeninidae/Hantkenina/Hantkenina%20lehneri,unknown,,,,,,
"44,2","39,7",Hantkenina liebusi,480 (excluding tubulospines),https://www.mikrotax.org/system/index.php?dir=pf_cenozoic/Hantkeninidae/Hantkenina/Hantkenina%20liebusi,unknown,,,,,,
"44,41","43,8",Hantkenina mexicana,500 (excluding tubulospines),https://www.mikrotax.org/system/index.php?dir=pf_cenozoic/Hantkeninidae/Hantkenina/Hantkenina%20mexicana,unknown,,,,,,
"38,1","33,7",Hantkenina nanggulanensis,470 (excluding tubulospines),https://www.mikrotax.org/system/index.php?dir=pf_cenozoic/Hantkeninidae/Hantkenina/Hantkenina%20nanggulanensis,unknown,,,,,,
40,"33,7",Hantkenina primitiva,400 (excluding tubulospines),https://www.mikrotax.org/system/index.php?dir=pf_cenozoic/Hantkeninidae/Hantkenina/Hantkenina%20primitiva,unknown,,,,,,
"44,5","44,4",Hantkenina singanoae,630 (excluding tubulospines),https://www.mikrotax.org/system/index.php?dir=pf_cenozoic/Hantkeninidae/Hantkenina/Hantkenina%20singanoae,Holotype dimension,,,,,,
"70,6","64,9",Hedbergella holmdelensis,200,https://www.mikrotax.org/pforams/catalog/Hedbergella_holmdelensis,Holotype dimension,,,,,,
"69,2","64,85",Hedbergella monmouthensis,"164,7058824",https://www.mikrotax.org/pforams/mesozoic/Muricohedbergella_monmouthensis,Neotype dimension,,,,,,
2,0,Hirsutella bermudezi,"348,4848485",https://www.mikrotax.org/pforams/index.php?id=104131,Lectotype dimension,,"unaccepted; Accepted Name 
Globorotalia scitula (Brady, 1882)",https://www.marinespecies.org/aphia.php?p=taxdetails&id=466341,,,
"15,15",10,Hirsutella challengeri,"254,5454545",https://www.mikrotax.org/pforams/cenozoic/Globorotalia_challengeri,Holotype dimension,,Globorotalia challengeri; Synonyms: Globorotalia (Hirsutella) challengeri (Srinivasan & Kennett 1981) [e.g. Kennett & Srinivasan 1983],https://www.mikrotax.org/pforams/cenozoic/Globorotalia_challengeri,,,
"7,2","4,4",Hirsutella cibaoensis,"595,2380952",https://www.mikrotax.org/pforams/cenozoic/Globorotalia_cibaoensis,Holotype dimension,,Globorotalia cibaoensis Synonyms: Globorotalia (Hirsutella) cibaoensis (Bermudez 1949) [e.g. Kennett & Srinivasan 1983],https://www.mikrotax.org/pforams/cenozoic/Globorotalia_cibaoensis,,,
"4,8","3,9",Hirsutella evoluta,Scale missing,https://www.mikrotax.org/system/index.php?id=104111,,,Citation: Globorotalia evoluta Cita 1973; Synonyms: Hirsutella evoluta (Cita 1973) - e.g. used by Aze et al. 2011,https://www.mikrotax.org/system/index.php?id=104111,,,
"14,99","8,8",Hirsutella gigantea,590,https://www.mikrotax.org/system/index.php?taxon=Globorotalia%20scitula%20gigantea&module=pf_cat,Holotype dimension,,Citation: Globorotalia scitula gigantea Blow 1959,https://www.mikrotax.org/system/index.php?taxon=Globorotalia%20scitula%20gigantea&module=pf_cat,,,
3,0,Hirsutella hirsuta,535,https://www.mikrotax.org/pforams/index.php?id=130945,Holotype dimension,,"Hirsutella hirsuta (d'Orbigny, 1839) accepted as Globorotalia hirsuta (d'Orbigny, 1839)",https://www.marinespecies.org/aphia.php?p=taxlist,,,
"10,9","4,8",Hirsutella juanai,"314,2857143",https://www.mikrotax.org/pforams/index.php?id=104106,Holotype dimension,,Citation: Globorotalia juanai Bermudez & Boli 1969; Synonyms: Globorotalia (Hirsutella) juanai (Bermudez & Boli 1969) [e.g. Kennett & Srinivasan 1983],,,,
"5,89","2,95",Hirsutella margaritae,370,https://www.mikrotax.org/pforams/index.php?id=131179,Holotype dimension,,"Hirsutella margaritae (Bolli & Bermúdez, 1965) † accepted as Globorotalia margaritae Bolli & Bermúdez, 1965 †",https://www.marinespecies.org/aphia.php?p=taxlist,,,
"8,2","5,7",Hirsutella praemargaritae,314,https://www.mikrotax.org/pforams/index.php?id=104106,Holotype dimension,,"Citation: Globorotalia juanai Bermudez & Boli 1969, Synonyms: Globorotalia praemargaritae Catalano and Sprovieri [according to Kennett & Srinivasan 1983]. NB Stewart (2003) and Aze et al. (2011) regard juanai and praemargaritae as separate species.",https://www.mikrotax.org/pforams/index.php?id=104106,,,
"18,8","14,8",Hirsutella praescitula,255,https://www.mikrotax.org/pforams/cenozoic/Globorotalia_praescitula,Holotype dimension,,"Citation: Globorotalia praescitula Blow, 1959",https://www.mikrotax.org/pforams/cenozoic/Globorotalia_praescitula,,,
"5,9","4,8",Hirsutella primitiva,Scale missing,https://www.mikrotax.org/pforams/index.php?taxon=Globorotalia%20primitiva&module=pf_cenozoic,,,Citation: Globorotalia primitiva Cita 1973; Synonyms: Hirsutella primitiva (Cita 1973) - Aze et al. 2011,https://www.mikrotax.org/pforams/index.php?taxon=Globorotalia%20primitiva&module=pf_cenozoic,,,
15,0,Hirsutella scitula,"348,4848485",https://www.mikrotax.org/pforams/index.php?id=104131,Lectotype dimension,,"Globorotalia (Hirsutella) scitula (Brady, 1882) accepted as Globorotalia scitula (Brady, 1882)",https://www.marinespecies.org/aphia.php?p=taxlist,,,
"3,5",0,Hirsutella theyeri,790,https://www.mikrotax.org/pforams/index.php?id=130990,Holotype dimension,,"Globorotalia (Hirsutella) theyeri Fleisher, 1974 accepted as Globorotalia hirsuta subsp. Eastropacia Boltovskoy, 1974 accepted as Globorotalia eastropacia Boltovskoy, 1974",https://www.marinespecies.org/aphia.php?p=taxlist,,,
"60,05","55,9",Igorina albeari,292,https://www.mikrotax.org/pforams/cenozoic/Igorina_albeari,Paratype dimension,,,,,,
"45,4","43,6",Igorina anapetes,320,https://www.mikrotax.org/pforams/index.php?id=100172,Holotype dimension,,"unaccepted; Accepted Name: Pearsonites anapetes (Blow, 1979) †",https://www.marinespecies.org/aphia.php?p=taxdetails&id=1027695,,,
"55,6","43,7",Igorina broedermanni,330,https://www.mikrotax.org/pforams/cenozoic/Pearsonites_broedermanni,Holotype dimension,,Citation: Pearsonites broedermanni (Cushman & Bermudez 1949); Synonyms: Igorina broedermanni (Cushman & Bermudez 1949) Berggren et al. 2006 p. 384.,https://www.mikrotax.org/pforams/cenozoic/Pearsonites_broedermanni,,,
"55,8","50,5",Igorina lodoensis,210,https://www.mikrotax.org/pforams/cenozoic/Pearsonites_lodoensis,Holotype dimension,,"Citation: Pearsonites lodoensis (Mallory 1959); Synonyms: Igorina lodoensis (Mallory 1959) Berggren et al. 2006, p. 388",https://www.mikrotax.org/pforams/cenozoic/Pearsonites_lodoensis,,,
"60,95","59,5",Igorina pusilla,"266,6666667",https://www.mikrotax.org/pforams/cenozoic/Igorina_pusilla,Paratype dimension,,,,,,
60,"55,4",Igorina tadjikistanensis,300,https://www.mikrotax.org/system/index.php?dir=pf_cenozoic/Truncorotaloididae/Igorina/Igorina%20tadjikistanensis,Holotype dimension,,,,,,
"15,6","14,2",Menardella archeomenardii,"314,2857143",https://www.mikrotax.org/pforams/cenozoic/Globorotalia_archeomenardii,Holotype dimension,,"Citation: Globorotalia archeomenardii Bolli, 1957; Synonyms: Globorotalia (Menardella) archeomenardii [e.g. Kennett & Srinivasan 1983] ",https://www.mikrotax.org/pforams/cenozoic/Globorotalia_archeomenardii,,,
"5,7","1,9",Menardella exilis,"685,7142857",https://www.mikrotax.org/pforams/cenozoic/Globorotalia_exilis,Holotype dimension,,"Citation: Globorotalia exilis Blow, 1969; Synonyms: Globorotalia (Menardella) exilis Blow, 1969 [e.g. Kennett & Srinivasan 1983]",https://www.mikrotax.org/pforams/cenozoic/Globorotalia_exilis,,,
"0,2",0,Menardella fimbriata,"933,3333333",https://www.mikrotax.org/pforams/index.php?taxon=Pulvinulina%20menardii%20fimbriata&module=pf_cat,Lectotype dimension,,"Citation: Globorotalia menardii (Parker, Jones & Brady, 1865 after d'Orbigny, 1826 nomen nudum); Synonyms: Globorotalia fimbriata = Pulvinulina menardii var fimbriata Brady 1884 [according to Brummer & Kucera 2022; considered a separate species that evolved from G. menardii in the late Quaternary by e.g. Aze et al. 2011]",https://www.mikrotax.org/system/index.php?id=104112,,,
"11,4","2,3",Menardella limbata,700,https://www.mikrotax.org/pforams/cenozoic/Globorotalia_limbata,Paratype dimension,,"Citation: Globorotalia limbata d'Orbigny, in Fornasini 1902; Synonyms: Globorotalia (Menardella) limbata (Fornasini 1902) [e.g. Kennett & Srinivasan 1983]",https://www.mikrotax.org/pforams/cenozoic/Globorotalia_limbata,,,
"12,31",0,Menardella menardii,"314,2857143",https://www.mikrotax.org/pforams/cenozoic/Globorotalia_menardii,Neotype dimension,,"Citation: Globorotalia menardii (Parker, Jones & Brady, 1865 after d'Orbigny, 1826 nomen nudum); Synonyms: Globorotalia (Menardella) menardii (Parker, Jones & Brady) [e.g. Kennett & Srinivasan 1983]",https://www.mikrotax.org/pforams/cenozoic/Globorotalia_menardii,,,
"3,3","2,4",Menardella miocenica,333,https://www.mikrotax.org/pforams/cenozoic/Globorotalia_miocenica,Paratype dimension,,Citation: Globorotalia miocenica Palmer 1945; Synonyms: Menardella miocenica (Palmer 1945) [e.g. Chaisson & Pearson 1997],https://www.mikrotax.org/pforams/cenozoic/Globorotalia_miocenica,,,
"6,5","2,2",Menardella multicamerata,840,https://www.mikrotax.org/pforams/cenozoic/Globorotalia_multicamerata,Holotype dimension,,Citation: Globorotalia multicamerata Cushman & Jarvis 1930; Synonyms: Globorotalia (Menardella) multicamerata (Cushman & Jarvis 1930) [e.g. Kennett & Srinivasan 1983],https://www.mikrotax.org/pforams/cenozoic/Globorotalia_multicamerata,,,
"3,2","1,7",Menardella pertenius,960,https://www.mikrotax.org/pforams/cenozoic/Globorotalia_pertenuis,Holotype dimension,,Citation: Globorotalia pertenuis Beard 1969; Synonyms: Globorotalia (Menardella) pertenuis (Beard 1969) [e.g. Kennett & Srinivasan 1983],https://www.mikrotax.org/pforams/cenozoic/Globorotalia_pertenuis,,,
"14,6","12,3",Menardella praemenardii,"511,627907",https://www.mikrotax.org/pforams/cenozoic/Globorotalia_praemenardii,Holotype dimension,,Citation: Globorotalia praemenardii Cushman & Stainforth 1945; Synonyms: Globorotalia (Menardella) praemenardii (Cushman & Stainforth 1945) [e.g. Kennett & Srinivasan 1983],https://www.mikrotax.org/pforams/cenozoic/Globorotalia_praemenardii,,,
"7,5","2,4",Menardella pseudomiocenica,520,https://www.mikrotax.org/system/index.php?id=104128,Syntype dimension,,"Citation: Globorotalia pseudomiocenica Bolli & Bermudez 1965; Taxonomic discussion: Has been considered a synonym of Globorotalia limbata (d'Orbigny, in Fornasini 1902)",https://www.mikrotax.org/system/index.php?id=104128,,,
"59,15","54,45",Morozovella acuta,"441,1764706",https://www.mikrotax.org/pforams/cenozoic/Morozovella_acuta,Paratype dimension,,,,,,
"59,4","56,35",Morozovella acutispira,"383,3333333",https://www.mikrotax.org/system/index.php?dir=pf_cenozoic/Truncorotaloididae/Morozovella/Morozovella%20acutispira,Paratype dimension,,,,,,
"56,5","50,8",Morozovella aequa,392,https://www.mikrotax.org/system/index.php?dir=pf_cenozoic/Truncorotaloididae/Morozovella/Morozovella%20aequa,Holotype dimension,,,,,,
"55,5","55,3",Morozovella allisonensis,400,https://www.mikrotax.org/system/index.php?dir=pf_cenozoic/Truncorotaloididae/Morozovella/Morozovella%20allisonensis,Holotype dimension,,,,,,
"60,95","59,3",Morozovella angulata,500,https://www.mikrotax.org/pforams/cenozoic/Morozovella_angulata,Paratype dimension,,,,,,
60,"54,45",Morozovella apanthesma,455,https://www.mikrotax.org/system/index.php?dir=pf_cenozoic/Truncorotaloididae/Morozovella/Morozovella%20apanthesma,Holotype dimension,,,,,,
"52,3","43,6",Morozovella aragonensis,600,https://www.mikrotax.org/system/index.php?dir=pf_cenozoic/Truncorotaloididae/Morozovella/Morozovella%20aragonensis,Lectotype dimension,,,,,,
"50,8","45,15",Morozovella caucasica,600,https://www.mikrotax.org/system/index.php?dir=pf_cenozoic/Truncorotaloididae/Morozovella/Morozovella%20caucasica,Lectotype dimension,,,,,,
"60,8","59,3",Morozovella conicotruncata,"444,4444444",https://www.mikrotax.org/system/index.php?dir=pf_cenozoic/Truncorotaloididae/Morozovella/Morozovella%20conicotruncata,Paratype dimension,,,,,,
"53,5","43,9",Morozovella crater,530,https://www.mikrotax.org/system/index.php?dir=pf_cenozoic/Truncorotaloididae/Morozovella/Morozovella%20crater,Holotype dimension,,,,,,
"54,9",54,Morozovella edgari,210,https://www.mikrotax.org/system/index.php?dir=pf_cenozoic/Truncorotaloididae/Morozovella/Morozovella%20edgari,Holotype dimension,,,,,,
54,"50,4",Morozovella formosa,650,https://www.mikrotax.org/system/index.php?dir=pf_cenozoic/Truncorotaloididae/Morozovella/Morozovella%20formosa,Holotype dimension,,,,,,
"55,7","50,8",Morozovella gracilis,"473,3333333",https://www.mikrotax.org/system/index.php?dir=pf_cenozoic/Truncorotaloididae/Morozovella/Morozovella%20gracilis,Holotype dimension,,,,,,
54,"50,6",Morozovella lensiformis,550,https://www.mikrotax.org/system/index.php?dir=pf_cenozoic/Truncorotaloididae/Morozovella/Morozovella%20lensiformis,Holotype dimension,,,,,,
"55,55","51,6",Morozovella marginodentata,430,https://www.mikrotax.org/system/index.php?dir=pf_cenozoic/Truncorotaloididae/Morozovella/Morozovella%20marginodentata,Holotype dimension,,,,,,
"59,35","54,45",Morozovella occlusa,"440,9090909",https://www.mikrotax.org/system/index.php?dir=pf_cenozoic/Truncorotaloididae/Morozovella/Morozovella%20occlusa,Holotype dimension,,,,,,
"59,5","54,45",Morozovella pasionensis,440,https://www.mikrotax.org/system/index.php?dir=pf_cenozoic/Truncorotaloididae/Morozovella/Morozovella%20pasionensis,Holotype dimension,,,,,,
"61,15",60,Morozovella praeangulata,328,https://www.mikrotax.org/system/index.php?dir=pf_cenozoic/Truncorotaloididae/Morozovella/Morozovella%20praeangulata,Holotype dimension,,,,,,
"55,9","50,8",Morozovella subbotinae,360,https://www.mikrotax.org/system/index.php?dir=pf_cenozoic/Truncorotaloididae/Morozovella/Morozovella%20subbotinae,Holotype dimension,,,,,,
"59,9","54,45",Morozovella velascoensis,425,https://www.mikrotax.org/system/index.php?dir=pf_cenozoic/Truncorotaloididae/Morozovella/Morozovella%20velascoensis,Holotype dimension,,,,,,
"48,1","42,3",Morozovelloides bandyi,280,https://www.mikrotax.org/system/index.php?dir=pf_cenozoic/Truncorotaloididae/Morozovelloides/Morozovelloides%20bandyi,Holotype dimension,,,,,,
"45,4","40,1",Morozovelloides coronatus,430,https://www.mikrotax.org/system/index.php?dir=pf_cenozoic/Truncorotaloididae/Morozovelloides/Morozovelloides%20coronatus,Holotype dimension,,,,,,
"45,9",38,Morozovelloides crassatus,300,https://www.mikrotax.org/system/index.php?dir=pf_cenozoic/Truncorotaloididae/Morozovelloides/Morozovelloides%20crassatus,Holotype dimension,,,,,,
"44,65","40,1",Morozovelloides lehneri,360,https://www.mikrotax.org/system/index.php?dir=pf_cenozoic/Truncorotaloididae/Morozovelloides/Morozovelloides%20lehneri,Holotype dimension,,,,,,
"10,9","1,7",Neogloboquadrina acostaensis,"328,5714286",https://www.mikrotax.org/system/index.php?dir=pf_cenozoic/Globorotaliidae/Neogloboquadrina/Neogloboquadrina%20acostaensis,Holotype dimension,,,,,,
"23,2","7,8",Neogloboquadrina continuosa,260,https://www.mikrotax.org/pforams/index.php?id=104174,Holotype dimension,190,"unaccepted (Subjective junior synonym in opinion of Leckie et al. 2018); Accepted Name: Paragloborotalia continuosa (Blow, 1959) †",https://www.marinespecies.org/aphia.php?p=taxdetails&id=1026608,,,
"6,9",0,Neogloboquadrina dutertrei,420,https://www.mikrotax.org/pforams/cenozoic/Neogloboquadrina_dutertrei,Paratype dimension,,,,,,
"9,7","1,6",Neogloboquadrina humerosa,440,https://www.mikrotax.org/system/index.php?dir=pf_cenozoic/Globorotaliidae/Neogloboquadrina/Neogloboquadrina%20humerosa,Paratype dimension,,,,,,
"10,8",0,Neogloboquadrina pachyderma,250,https://www.mikrotax.org/system/index.php?dir=pf_cenozoic/Globorotaliidae/Neogloboquadrina/Neogloboquadrina%20pachyderma,Paratype dimension,,,,,,
"15,1",0,Orbulina suturalis,333,https://www.mikrotax.org/system/index.php?dir=pf_cenozoic/Globigerinidae/Orbulina/Orbulina%20suturalis,Holotype dimension,,,,,,
"15,05",0,Orbulina universa,"587,5",https://www.mikrotax.org/system/index.php?dir=pf_cenozoic/Globigerinidae/Orbulina/Orbulina%20universa,Paratype dimension,,,,,,
"40,5",40,Orbulinoides beckmanni,600,https://www.mikrotax.org/system/index.php?dir=pf_cenozoic/Globigerinidae/Orbulinoides/Orbulinoides%20beckmanni,unknown,,,,,,
"23,2","12,6",Paragloborotalia acrostoma,360,https://www.mikrotax.org/system/index.php?dir=pf_cenozoic/Globigerinidae/Paragloborotalia/Paragloborotalia%20acrostoma,Holotype & Paratype dimension,,,,,,
"18,6","13,9",Paragloborotalia bella,"318,1818182",https://www.mikrotax.org/pforams/index.php?id=104190,Holotype dimension,,"Citation: Globorotalia bella (Jenkins, 1967); Synonyms: Paragloborotalia bella (Jenkins, 1967) - this is a common conbination in the literaure",https://www.mikrotax.org/pforams/index.php?id=104190,,,
"55,45","33,7",Paragloborotalia griffinoides,"291,6666667",https://www.mikrotax.org/pforams/cenozoic/Paragloborotalia_griffinoides,Holotype dimension,,,,,,
"20,9","16,4",Paragloborotalia incognita,360,https://www.mikrotax.org/pforams/cenozoic/Paragloborotalia_incognita,Holotype dimension,350,,,,,
"23,8","21,5",Paragloborotalia kugleri,300,https://www.mikrotax.org/pforams/cenozoic/Paragloborotalia_kugleri,Holotype dimension,270,,,,,
28,"11,5",Paragloborotalia mayeri,400,https://www.mikrotax.org/pforams/cenozoic/Paragloborotalia_mayeri,Holotype & Paratype dimension,340,,,,,
"47,5","15,1",Paragloborotalia nana,300,https://www.mikrotax.org/pforams/cenozoic/Paragloborotalia_nana,Holotype dimension,319,,,,,
"30,3","27,1",Paragloborotalia opima,450,https://www.mikrotax.org/pforams/cenozoic/Paragloborotalia_opima,Holotype dimension,,,,,,
"37,2","23,5",Paragloborotalia pseudokugleri,310,https://www.mikrotax.org/pforams/cenozoic/Paragloborotalia_pseudokugleri,Holotype dimension,270,,,,,
"30,5","15,5",Paragloborotalia semivera,410,https://www.mikrotax.org/system/index.php?dir=pf_cenozoic/Globigerinidae/Paragloborotalia/Paragloborotalia%20semivera,Holotype dimension,390,,,,,
"30,3","11,4",Paragloborotalia siakensis,400,https://www.mikrotax.org/pforams/cenozoic/Paragloborotalia_siakensis,Holotype dimension,410,,,,,
65,"64,8",Parasubbotina aff_pseudobulloides,410,https://www.mikrotax.org/pforams/cenozoic/Parasubbotina_aff._pseudobulloides,Paratype dimension,,,,,,
"49,25",44,Parasubbotina eoclava,475,https://www.mikrotax.org/system/index.php?dir=pf_cenozoic/Globigerinidae/Parasubbotina/Parasubbotina%20eoclava,Holotype dimension,,,,,,
"48,4","37,3",Parasubbotina griffinae,410,https://www.mikrotax.org/system/index.php?dir=pf_cenozoic/Globigerinidae/Parasubbotina/Parasubbotina%20griffinae,Holotype dimension,,,,,,
"55,5","45,4",Parasubbotina inaequispira,420,https://www.mikrotax.org/system/index.php?dir=pf_cenozoic/Globigerinidae/Parasubbotina/Parasubbotina%20inaequispira,Holotype dimension,,,,,,
"51,7","50,9",Parasubbotina prebetica,440,https://www.mikrotax.org/pforams/cenozoic/Parasubbotina_prebetica,Holotype dimension,,,,,,
"64,9","59,7",Parasubbotina pseudobulloides,300,https://www.mikrotax.org/pforams/cenozoic/Parasubbotina_pseudobulloides,Paratype dimension,,,,,,
"47,6","40,5",Parasubbotina pseudowilsoni,"237,5",https://www.mikrotax.org/pforams/cenozoic/Parasubbotina_pseudowilsoni,Holotype dimension,,,,,,
"62,8",43,Parasubbotina varianta,410,https://www.mikrotax.org/pforams/cenozoic/Parasubbotina_varianta,Holotype dimension,,,,,,
61,"59,3",Parasubbotina variospira,"791,6666667",https://www.mikrotax.org/system/index.php?dir=pf_cenozoic/Globigerinidae/Parasubbotina/Parasubbotina%20variospira,Holotype dimension,,,,,,
"50,8","45,2",Planoglobanomalina pseudoalgeriana,308,https://www.mikrotax.org/system/index.php?dir=pf_cenozoic/Globanomalinidae/Planoglobanomalina/Planoglobanomalina%20pseudoalgeriana,Holotype dimension,,,,,,
"50,4",38,Planorotalites capdevilensis,200,https://www.mikrotax.org/system/index.php?dir=pf_cenozoic/Truncorotaloididae/Planorotalites/Planorotalites%20capdevilensis,Holotype dimension,230 (renzi Holotype),,,,,
"55,9","46,4",Planorotalites pseudoscitula,250,https://www.mikrotax.org/pforams/cenozoic/Planorotalites_pseudoscitula,Paratype dimension,,,,,,
"62,8","60,9",Praemurica inconstans,520,https://www.mikrotax.org/pforams/cenozoic/Praemurica_inconstans,Holotype dimension,,,,,,
"60,75",43,Praemurica lozanoi,450,https://www.mikrotax.org/pforams/index.php?id=100252,unknown,,"unaccepted (Generic placement in opinion of Soldan et al (2018)); Accepted Name: Alicantina prolata (Bolli, 1957) †",https://www.marinespecies.org/aphia.php?p=taxdetails&id=1030826,,,
"64,8","61,15",Praemurica pseudoinconstans,"314,8148148",https://www.mikrotax.org/pforams/cenozoic/Praemurica_pseudoinconstans,Holotype dimension,,,,,,
"64,9","63,8",Praemurica taurica,372,https://www.mikrotax.org/pforams/cenozoic/Praemurica_taurica,Holotype dimension,,,,,,
"61,2","60,7",Praemurica uncinata,352,https://www.mikrotax.org/pforams/cenozoic/Praemurica_uncinata,Holotype dimension,,,,,,
"15,7","14,9",Praeorbulina circularis,440,https://www.mikrotax.org/system/index.php?dir=pf_cenozoic/Globigerinidae/Praeorbulina/Praeorbulina%20circularis,Holotype dimension,,,,,,
"15,9",15,Praeorbulina curva,"255,8139535",https://www.mikrotax.org/pforams/cenozoic/Praeorbulina_curva,Holotype dimension,,,,,,
"15,8",15,Praeorbulina glomerosa,"488,372093",https://www.mikrotax.org/pforams/cenozoic/Praeorbulina_glomerosa,Holotype dimension,,,,,,
"16,4","14,8",Praeorbulina sicanus,600,https://www.mikrotax.org/pforams/cenozoic/Trilobatus_sicanus,Holotype dimension,,Citation: Trilobatus sicanus (de Stefani 1952); Synonyms: Praeorbulina sicana (de Stefani 1952),https://www.mikrotax.org/pforams/cenozoic/Trilobatus_sicanus,,,
"29,39",4,Protentella nicobarensis,"411,1111111",https://www.mikrotax.org/pforams/cenozoic/Protentella_nicobarensis,Holotype dimension,,,,,,
"29,4","11,4",Protentella prolixa,"377,7777778",https://www.mikrotax.org/pforams/cenozoic/Protentella_prolixa,Paratype dimension,,,,,,
"25,7","23,8",Protentelloides dalhousiei,675,https://www.mikrotax.org/system/index.php?dir=pf_cenozoic/Globigerinidae/Protentelloides/Protentelloides%20dalhousiei,Holotype dimension,,,,,,
"26,3","23,8",Protentelloides primitiva (primitivus?),520,https://www.mikrotax.org/pforams/cenozoic/Protentelloides_primitivus,Holotype dimension,,,,,,
"48,1","43,1",Pseudoglobigerinella bolivariana,520,https://www.mikrotax.org/system/index.php?dir=pf_cenozoic/Globigerinidae/Pseudoglobigerinella/Pseudoglobigerinella%20bolivariana,Holotype dimension,,,,,,
"48,1","32,2",Pseudohastigerina micra,170,https://www.mikrotax.org/system/index.php?dir=pf_cenozoic/Globanomalinidae/Pseudohastigerina/Pseudohastigerina%20micra,Holotype dimension,,,,,,
"35,8",32,Pseudohastigerina naguewichiensis,200,https://www.mikrotax.org/system/index.php?dir=pf_cenozoic/Globanomalinidae/Pseudohastigerina/Pseudohastigerina%20naguewichiensis,Holotype dimension,,,,,,
48,"39,3",Pseudohastigerina sharkriverensis,350,https://www.mikrotax.org/system/index.php?dir=pf_cenozoic/Globanomalinidae/Pseudohastigerina/Pseudohastigerina%20sharkriverensis,Holotype dimension,,,,,,
"55,3","43,3",Pseudohastigerina wilcoxensis,170,https://www.mikrotax.org/system/index.php?dir=pf_cenozoic/Globanomalinidae/Pseudohastigerina/Pseudohastigerina%20wilcoxensis,Holotype dimension,,,,,,
"4,25",0,Pulleniatina finalis,333,https://www.mikrotax.org/system/index.php?dir=pf_cenozoic/Globorotaliidae/Pulleniatina/Pulleniatina%20finalis,Holotype dimension,,,,,,
"5,7",0,Pulleniatina obliquiloculata,"514,2857143",https://www.mikrotax.org/system/index.php?dir=pf_cenozoic/Globorotaliidae/Pulleniatina/Pulleniatina%20obliquiloculata,Lectotype dimension,,,,,,
"6,1","1,75",Pulleniatina praecursor,500,https://www.mikrotax.org/system/index.php?dir=pf_cenozoic/Globorotaliidae/Pulleniatina/Pulleniatina%20praecursor,Holotype dimension,,,,,,
"5,2","4,4",Pulleniatina praespectabilis,"522,7272727",https://www.mikrotax.org/system/index.php?dir=pf_cenozoic/Globorotaliidae/Pulleniatina/Pulleniatina%20praespectabilis,Paratype dimension,,,,,,
"6,8","1,3",Pulleniatina primalis,420,https://www.mikrotax.org/system/index.php?dir=pf_cenozoic/Globorotaliidae/Pulleniatina/Pulleniatina%20primalis,Holotype dimension,,,,,,
"4,6","4,2",Pulleniatina spectabilis,"656,25",https://www.mikrotax.org/pforams/cenozoic/Pulleniatina_spectabilis,Holotype dimension,,,,,,
"5,6",0,Sphaeroidinella dehiscens,"852,173913",https://www.mikrotax.org/system/index.php?dir=pf_cenozoic/Globigerinidae/Sphaeroidinella/Sphaeroidinella%20dehiscens,Lectotype dimension,,,,,,
"18,1","12,1",Sphaeroidinellopsis disjuncta,"572,2222222",https://www.mikrotax.org/system/index.php?dir=pf_cenozoic/Globigerinidae/Sphaeroidinellopsis/Sphaeroidinellopsis%20disjuncta,Holotype dimension,,,,,,
"14,4","3,6",Sphaeroidinellopsis kochi,600,https://www.mikrotax.org/system/index.php?dir=pf_cenozoic/Globigerinidae/Sphaeroidinellopsis/Sphaeroidinellopsis%20kochi,Paratype dimension,,,,,,
"7,1","2,3",Sphaeroidinellopsis paenedehiscens,"854,5454545",https://www.mikrotax.org/system/index.php?dir=pf_cenozoic/Globigerinidae/Sphaeroidinellopsis/Sphaeroidinellopsis%20paenedehiscens,Holotype dimension,,,,,,
"16,4","2,3",Sphaeroidinellopsis seminulina,"571,4285714",https://www.mikrotax.org/system/index.php?dir=pf_cenozoic/Globigerinidae/Sphaeroidinellopsis/Sphaeroidinellopsis%20seminulina,Neotype dimension,,,,,,
"42,3","28,5",Subbotina angiporoides,450,https://www.mikrotax.org/system/index.php?dir=pf_cenozoic/Globigerinidae/Subbotina/Subbotina%20angiporoides,Holotype dimension,550 (Hypotype size range),,,,,
"61,2","56,8",Subbotina cancellata,"296,4285714",https://www.mikrotax.org/system/index.php?dir=pf_cenozoic/Globigerinidae/Subbotina/Subbotina%20cancellata,Holotype dimension,,,,,,
"47,25","32,1",Subbotina corpulenta,570,https://www.mikrotax.org/system/index.php?dir=pf_cenozoic/Globigerinidae/Subbotina/Subbotina%20corpulenta,Holotype dimension,,,,,,
"46,4",40,Subbotina crociapertura,430,https://www.mikrotax.org/system/index.php?dir=pf_cenozoic/Globigerinidae/Subbotina/Subbotina%20crociapertura,Holotype dimension,,,,,,
"50,7","32,2",Subbotina eocaena,690,https://www.mikrotax.org/system/index.php?dir=pf_cenozoic/Globigerinidae/Subbotina/Subbotina%20eocaena,Holotype dimension,,,,,,
"39,1","27,2",Subbotina gortanii,620,https://www.mikrotax.org/system/index.php?dir=pf_cenozoic/Globigerinidae/Subbotina/Subbotina%20gortanii,Holotype dimension,,,,,,
"48,1","34,3",Subbotina hagni,"733,3333333",https://www.mikrotax.org/system/index.php?id=100285,Paratype dimension,,"unaccepted (Subjective junior synonym in opinion of Leckie et al. 2018); Accepted Name: Parasubbotina hagni (Gohrbandt, 1967) †",https://www.marinespecies.org/aphia.php?p=taxdetails&id=1035145,,,
"55,6","52,5",Subbotina hornibrooki,225,https://www.mikrotax.org/pforams/cenozoic/Subbotina_hornibrooki,Holotype dimension,,,,,,
"43,8","33,7",Subbotina jacksonensis,"553,3333333",https://www.mikrotax.org/system/index.php?dir=pf_cenozoic/Globigerinidae/Subbotina/Subbotina%20jacksonensis,Holotype dimension,,,,,,
52,"33,7",Subbotina linaperta,380,https://www.mikrotax.org/system/index.php?dir=pf_cenozoic/Globigerinidae/Subbotina/Subbotina%20linaperta,Neotype dimension,,,,,,
57,"45,15",Subbotina patagonica,320,https://www.mikrotax.org/system/index.php?dir=pf_cenozoic/Globigerinidae/Subbotina/Subbotina%20patagonica,Holotype dimension,,,,,,
"55,6","43,2",Subbotina roesnaesensis,320,https://www.mikrotax.org/system/index.php?dir=pf_cenozoic/Globigerinidae/Subbotina/Subbotina%20roesnaesensis,Holotype dimension,,,,,,
"50,6",38,Subbotina senni,420,https://www.mikrotax.org/system/index.php?dir=pf_cenozoic/Globigerinidae/Subbotina/Subbotina%20senni,unknown,,,,,,
"34,1","32,6",Subbotina sp1,"439,3939394",https://www.mikrotax.org/pforams/cenozoic/Subbotina_sp.,Paratype dimension,,,,,,
"33,8","27,2",Subbotina sp2,unclear,,,,,,,,
"61,1","55,55",Subbotina triangularis,"444,4444444",https://www.mikrotax.org/system/index.php?dir=pf_cenozoic/Globigerinidae/Subbotina/Subbotina%20triangularis,Paratype dimension,,,,,,
"64,3","59,3",Subbotina triloculinoides,250,https://www.mikrotax.org/system/index.php?dir=pf_cenozoic/Globigerinidae/Subbotina/Subbotina%20triloculinoides,Paratype dimension,,,,,,
"64,92",61,Subbotina trivialis,332,https://www.mikrotax.org/system/index.php?dir=pf_cenozoic/Globigerinidae/Subbotina/Subbotina%20trivialis,,,,,,,
"35,4","30,3",Subbotina utilisindex,370,https://www.mikrotax.org/system/index.php?dir=pf_cenozoic/Globigerinidae/Subbotina/Subbotina%20utilisindex,Holotype dimension,,,,,,
"59,2","54,45",Subbotina velascoensis,320,https://www.mikrotax.org/system/index.php?dir=pf_cenozoic/Globigerinidae/Subbotina/Subbotina%20velascoensis,Paratype dimension,,,,,,
"50,4","33,7",Subbotina yeguaensis,520,https://www.mikrotax.org/system/index.php?dir=pf_cenozoic/Globigerinidae/Subbotina/Subbotina%20yeguaensis,Holotype dimension,,,,,,
"0,9",0,Truncorotalia cavernula,"433,3333333",https://www.mikrotax.org/pforams/cenozoic/Globorotalia_cavernula,Holotype dimension,,"Citation: Globorotalia cavernula Bé, 1967; Synonyms: Globorotalia (Truncorotalia) cavernula (Bé, 1967) [e.g. Kennett & Srinivasan 1983]",https://www.mikrotax.org/pforams/cenozoic/Globorotalia_cavernula,,,
"4,3","3,5",Truncorotalia crassaconica,420,https://www.mikrotax.org/pforams/index.php?id=131105,Holotype dimension,,"Truncorotalia crassaconica (Hornibrook, 1981) † accepted as Globorotalia crassaconica Hornibrook, 1981 †",https://www.marinespecies.org/aphia.php?p=taxlist,,,
"5,7",0,Truncorotalia crassaformis,400,https://www.mikrotax.org/system/index.php?id=104097,Paratype dimension,,"Truncorotalia crassaformis (Galloway & Wissler, 1927) accepted as Globorotalia crassaformis (Galloway & Wissler, 1927) accepted as Globorotalia (Truncorotalia) crassaformis (Galloway & Wissler, 1927) †",https://www.marinespecies.org/aphia.php?p=taxlist,,,
"5,55","0,9",Truncorotalia crassula,470,https://www.mikrotax.org/pforams/index.php?taxon=Truncorotalia%20crassula%20complanata&module=pf_cat,unknown,,Truncorotalia crassula subsp. complanata Fordham 1986,,,,
"1,85",0,Truncorotalia excelsa,Scale missing,https://www.mikrotax.org/pforams/index.php?taxon=Globorotalia%20truncatulinoides&module=pf_cenozoic&dpage=1,,,"Globorotalia excelsa Sprovieri, 1980 accepted as Globorotalia truncatulinoides (d'Orbigny, 1839)",https://www.marinespecies.org/aphia.php?p=browser&id=113450,"Truncorotalia Cushman & Bermúdez, 1949 accepted as Globorotalia Cushman, 1927",,
"1,8","0,4",Truncorotalia hessi,500,https://www.mikrotax.org/system/index.php?taxon=Globorotalia%20hessi&module=pf_cat,Holotype dimension,,,,,,
"5,5",0,Truncorotalia oceanica,400,https://www.mikrotax.org/pforams/cenozoic/Globorotalia_crassaformis,Paratype dimension,,"Truncorotalia oceanica Cushman & Bermudez, 1949 accepted as Globorotalia (Turborotalia) oceanica Cushman & Bermúdez, 1949 accepted as Globorotalia oceanica Cushman & Bermúdez, 1949 accepted as Globorotalia crassaformis (Galloway & Wissler, 1927)accepted as Globorotalia (Truncorotalia) crassaformis (Galloway & Wissler, 1927) †",https://www.marinespecies.org/aphia.php?p=taxlist,,,
"1,8",0,Truncorotalia pachytheca,unclear,,,,"Species Globorotalia pachyderma (Ehrenberg, 1861) accepted as Neogloboquadrina pachyderma (Ehrenberg, 1861); Species Globorotalia pachytheca Blow, 1969 accepted as Globorotalia truncatulinoides (d'Orbigny, 1839)",https://www.marinespecies.org/foraminifera/aphia.php?p=browser&id=1320557,"Citation: Globorotalia truncatulinoides (d’Orbigny, 1839); Variants: Globorotalia (Globorotalia) truncatulinoides pachytheca Blow 1969 - heavily encristed form [a discrete species according to Aze et al. 2011, but a variant according to Brummer & Kucera 2022]",,https://www.mikrotax.org/pforams/index.php?taxon=Globorotalia%20truncatulinoides&module=pf_cenozoic
4,1,Truncorotalia ronda,>250,https://www.mikrotax.org/pforams/index.php?id=104130,,,Im lost…? (Truncorotalia = Globorotalia; Lam & Leckie (2020): G. crassaformis = G. ronda),https://www.mikrotax.org/pforams/cenozoic/Globorotalia_crassaformis,,,
"3,4","1,3",Truncorotalia tenuitheca,"382,3529412",https://www.mikrotax.org/pforams/cenozoic/Globorotalia_tenuitheca,Holotype dimension,,"Truncorotalia Cushman & Bermúdez, 1949 accepted as Globorotalia Cushman, 1927",https://www.marinespecies.org/aphia.php?p=taxlist,,,
"3,2","1,2",Truncorotalia tosaensis,635,https://www.mikrotax.org/pforams/index.php?taxon=Truncorotalia%20tosaensis%20acrotenes&module=pf_cat,unknown,,Truncorotalia tosaensis subsp. acrotenes Fordham 1986,,,,
"1,9",0,Truncorotalia truncatulinoides,Scale missing,https://www.mikrotax.org/pforams/index.php?taxon=Truncorotalia%20truncatulinoides%20nana&module=pf_cat,,,Truncorotalia truncatulinoides (d'Orbigny) var. nana Bermúdez 1960,,,,
"3,5","1,4",Truncorotalia viola,600,https://www.mikrotax.org/pforams/index.php?id=104139,Holotype dimension,,"Truncorotalia Cushman & Bermúdez, 1949 accepted as Globorotalia Cushman, 1927, Taxonomic discussion: Considered by Kennett & Srinivasan (1983) as  ""no more than phenotypic variants or subspecies of"" G. crassula, but regarded as a discrete species by Aze et al. 2011. Considered a synonym of G. crassula by Lam & Leckie 2020. Brummer & Kucera (2022) suggest that occasional modern records of the species refer to G. crassaformis.",https://www.marinespecies.org/aphia.php?p=taxlist,,,
"40,8","37,2",Turborotalia altispiroides,510,https://www.mikrotax.org/pforams/cenozoic/Turborotalia_altispiroides,Holotype dimension,,,,,,
35,"30,3",Turborotalia ampliapertura,490,https://www.mikrotax.org/system/index.php?dir=pf_cenozoic/Globanomalinidae/Turborotalia/Turborotalia%20ampliapertura,Holotype dimension,,,,,,
"41,8","33,8",Turborotalia cerroazulensis,350,https://www.mikrotax.org/system/index.php?dir=pf_cenozoic/Globanomalinidae/Turborotalia/Turborotalia%20cerroazulensis,Holotype dimension,,,,,,
"38,6","33,8",Turborotalia cocoaensis,480,https://www.mikrotax.org/system/index.php?dir=pf_cenozoic/Globanomalinidae/Turborotalia/Turborotalia%20cocoaensis,Holotype dimension,,,,,,
"34,1","33,8",Turborotalia cunialensis,450,https://www.mikrotax.org/system/index.php?dir=pf_cenozoic/Globanomalinidae/Turborotalia/Turborotalia%20cunialensis,Holotype dimension,,,,,,
"32,65","30,25",Turborotalia euapertura,300,https://www.mikrotax.org/pforams/cenozoic/Globoturborotalita_euapertura,Holotype dimension,,"Citation: Globoturborotalita euapertura (Jenkins, 1960), Synonyms: Turborotalia euapertura (Jenkins).—Li and others, 2003:16, pl. P2, fig. 20 [lower Miocene, ODP Hole 1134A, Great Australian Bight].—Li and others, 2005:19, pl. 2 (partim), fig. 2 [Miocene, ODP Hole 1148A, South China Sea].",https://www.mikrotax.org/pforams/cenozoic/Globoturborotalita_euapertura,"Not Turborotalia euapertura Jenkins.—Li and others, 2005:pl. 2, fig. 1 [lower Oligocene, ODP Hole 1148A, South China Sea] (= Dentoglobigerina prasaepis).",410,Hhttps://www.mikrotax.org/system/index.php?dir=pf_cenozoic/Globigerinidae/Dentoglobigerina/Dentoglobigerina%20prasaepisolotype dimension
"48,7","40,8",Turborotalia frontosa,440,https://www.mikrotax.org/pforams/cenozoic/Turborotalia_frontosa,Holotype dimension,,,,,,
"39,2","30,3",Turborotalia increbescens,510,https://www.mikrotax.org/system/index.php?dir=pf_cenozoic/Globanomalinidae/Turborotalia/Turborotalia%20increbescens,Holotype dimension,,,,,,
"43,2","34,6",Turborotalia pomeroli,510,https://www.mikrotax.org/system/index.php?dir=pf_cenozoic/Globanomalinidae/Turborotalia/Turborotalia%20pomeroli,Holotype dimension,,,,,,
"43,95","40,8",Turborotalia possagnoensis,380,https://www.mikrotax.org/system/index.php?dir=pf_cenozoic/Globanomalinidae/Turborotalia/Turborotalia%20possagnoensis,Holotype dimension,,,,,,
"44,4","35,9",Turborotalita carcoselleensis,270,https://www.mikrotax.org/system/index.php?dir=pf_cenozoic/Globigerinidae/Turborotalita/Turborotalita%20carcoselleensis,Holotype dimension,,,,,,
"1,6",0,Turborotalita clarkei,<150,https://www.mikrotax.org/system/index.php?dir=pf_cenozoic/Globigerinidae/Turborotalita/Turborotalita%20clarkei,unknown,,,,,,
"4,5",0,Turborotalita cristata,"183,3333333",https://www.mikrotax.org/pforams/cenozoic/Turborotalita_humilis,Syntype dimension,,"Citation: Turborotalita humilis (Brady, 1884); Synonyms: Turborotalita cristata (Heron-Allen and Earland 1929) [according to Brummer & Kucera 2022]",https://www.mikrotax.org/pforams/cenozoic/Turborotalita_humilis,,,
6,0,Turborotalita humilis,"183,3333333",https://www.mikrotax.org/pforams/cenozoic/Turborotalita_humilis,Syntype dimension,,,,,,
36,"22,4",Turborotalita praequinqueloba,270,https://www.mikrotax.org/system/index.php?dir=pf_cenozoic/Globigerinidae/Turborotalita/Turborotalita%20praequinqueloba,Holotype dimension,,,,,,
"25,4",0,Turborotalita quinqueloba,240,https://www.mikrotax.org/pforams/cenozoic/Turborotalita_quinqueloba,Holotype dimension,,,,,,